Development,AvailableLots,timestamp
Suntec City,1651,2022-04-05T01:12
Suntec City,1621,2022-04-05T01:17
Suntec City,1791,2022-04-05T23:37
Suntec City,1791,2022-04-05T23:42
Suntec City,1734,2022-04-06T00:07
Suntec City,1809,2022-04-12T23:22
Suntec City,1806,2022-04-12T23:27
Suntec City,1508,2022-04-13T01:42
Suntec City,1486,2022-04-13T01:47
Suntec City,906,2022-04-14T08:57
Suntec City,905,2022-04-14T09:02
Suntec City,1420,2022-04-14T09:22
Suntec City,1411,2022-04-14T09:42
Suntec City,1407,2022-04-14T10:07
Suntec City,2672,2022-04-14T18:02
Suntec City,2673,2022-04-14T18:07
Suntec City,2688,2022-04-14T18:27
Suntec City,2694,2022-04-14T18:47
Suntec City,2737,2022-04-17T22:57
Suntec City,2732,2022-04-17T23:02
Suntec City,1127,2022-04-18T09:02
Suntec City,1725,2022-04-19T00:22
Suntec City,1402,2022-04-19T02:12
Suntec City,1798,2022-04-20T01:07
Suntec City,1710,2022-03-01T00:22
Suntec City,1710,2022-03-01T00:27
Suntec City,1471,2022-03-01T01:57
Suntec City,1410,2022-03-01T02:17
Suntec City,1519,2022-03-02T02:22
Suntec City,1124,2022-03-02T08:32
Suntec City,1124,2022-03-02T08:37
Suntec City,1715,2022-03-03T00:47
Suntec City,1688,2022-03-03T00:57
Suntec City,1691,2022-03-04T01:07
Suntec City,1691,2022-03-04T01:12
Suntec City,1667,2022-03-04T01:17
Suntec City,1667,2022-03-04T01:22
Suntec City,1640,2022-03-04T01:37
Suntec City,1458,2022-03-07T02:27
Suntec City,1087,2022-03-07T07:47
Suntec City,1087,2022-03-07T08:07
Suntec City,1190,2022-03-07T09:07
Suntec City,1709,2022-03-07T09:32
Suntec City,1794,2022-03-07T23:32
Suntec City,1772,2022-03-07T23:47
Suntec City,1531,2022-03-08T01:57
Suntec City,1796,2022-03-08T23:47
Suntec City,1776,2022-03-08T23:52
Suntec City,1704,2022-03-09T00:37
Suntec City,1734,2022-03-10T00:37
Suntec City,1734,2022-03-10T00:42
Suntec City,1604,2022-03-10T01:42
Suntec City,1777,2022-03-10T23:32
Suntec City,1777,2022-03-10T23:37
Suntec City,1768,2022-03-10T23:47
Suntec City,1709,2022-03-11T00:42
Suntec City,1644,2022-03-11T01:22
Suntec City,1644,2022-03-11T01:27
Suntec City,816,2022-03-15T06:57
Suntec City,838,2022-03-15T07:37
Suntec City,858,2022-03-15T08:17
Suntec City,856,2022-03-15T08:52
Suntec City,856,2022-03-15T08:57
Suntec City,1425,2022-03-15T09:32
Suntec City,1422,2022-03-15T09:52
Suntec City,1504,2022-03-16T01:57
Suntec City,1469,2022-03-16T02:07
Suntec City,1469,2022-03-16T02:12
Suntec City,1408,2022-03-18T02:22
Suntec City,1408,2022-03-18T02:27
Suntec City,1356,2022-03-18T02:37
Suntec City,1583,2022-03-22T01:32
Suntec City,1583,2022-03-22T01:42
Suntec City,1657,2022-03-23T01:12
Suntec City,1619,2022-03-23T01:22
Suntec City,1619,2022-03-23T01:27
Suntec City,1814,2022-03-27T23:32
Suntec City,1762,2022-03-28T00:07
Suntec City,1480,2022-03-28T02:02
Suntec City,1807,2022-03-28T23:17
Suntec City,1807,2022-03-28T23:22
Suntec City,1064,2022-03-29T08:52
Suntec City,1064,2022-03-29T08:57
Suntec City,1588,2022-03-29T09:27
Suntec City,1575,2022-03-29T09:32
Suntec City,1575,2022-03-29T09:37
Suntec City,1575,2022-03-29T09:47
Suntec City,1586,2022-03-29T09:52
Suntec City,1499,2022-03-30T01:32
Suntec City,1499,2022-03-30T01:37
Suntec City,1677,2022-03-31T00:52
Suntec City,1650,2022-03-31T01:02
Suntec City,1388,2022-04-04T02:32
Suntec City,1388,2022-04-04T02:42
Suntec City,1354,2022-04-04T02:52
Suntec City,1807,2022-04-04T23:27
Suntec City,1794,2022-04-04T23:37
Suntec City,1727,2022-04-05T00:27
Suntec City,1687,2022-04-05T00:52
Suntec City,1791,2022-04-05T23:32
Suntec City,1760,2022-04-05T23:47
Suntec City,1703,2022-04-06T00:22
Suntec City,1671,2022-04-06T00:32
Suntec City,1477,2022-04-06T01:37
Suntec City,1744,2022-04-11T00:12
Suntec City,1478,2022-04-13T01:52
Suntec City,1453,2022-04-13T01:57
Suntec City,1386,2022-04-14T02:02
Suntec City,1388,2022-04-14T02:07
Suntec City,901,2022-04-14T08:12
Suntec City,903,2022-04-14T08:47
Suntec City,1405,2022-04-14T09:17
Suntec City,1408,2022-04-14T10:17
Suntec City,2564,2022-04-14T16:27
Suntec City,2566,2022-04-14T16:32
Suntec City,2578,2022-04-14T16:37
Suntec City,2583,2022-04-14T16:42
Suntec City,2588,2022-04-14T16:47
Suntec City,2602,2022-04-14T16:52
Suntec City,2611,2022-04-14T17:02
Suntec City,2619,2022-04-14T17:12
Suntec City,2677,2022-04-14T18:17
Suntec City,2680,2022-04-14T18:22
Suntec City,2692,2022-04-14T18:32
Suntec City,2693,2022-04-14T18:37
Suntec City,2694,2022-04-14T18:42
Suntec City,2749,2022-04-14T18:52
Suntec City,2750,2022-04-14T18:57
Suntec City,2751,2022-04-14T19:12
Suntec City,1816,2022-04-17T23:07
Suntec City,1811,2022-04-17T23:12
Suntec City,1808,2022-04-17T23:17
Suntec City,1806,2022-04-17T23:22
Suntec City,1659,2022-04-18T10:02
Suntec City,1398,2022-04-19T02:17
Suntec City,1357,2022-04-19T02:27
Suntec City,1793,2022-04-20T00:12
Suntec City,1798,2022-04-20T00:42
Suntec City,1800,2022-04-20T01:02
Suntec City,1175,2022-02-28T07:47
Suntec City,1176,2022-02-28T08:22
Suntec City,1176,2022-02-28T08:27
Suntec City,1189,2022-02-28T08:47
Suntec City,1233,2022-02-28T09:02
Suntec City,1233,2022-02-28T09:12
Suntec City,2723,2022-02-28T23:02
Suntec City,2723,2022-02-28T23:07
Suntec City,2723,2022-02-28T23:12
Suntec City,1806,2022-02-28T23:17
Suntec City,1806,2022-02-28T23:22
Suntec City,1787,2022-02-28T23:42
Suntec City,1787,2022-02-28T23:47
Suntec City,1764,2022-02-28T23:52
Suntec City,1764,2022-02-28T23:57
Suntec City,1410,2022-03-01T02:22
Suntec City,1410,2022-03-01T02:27
Suntec City,1519,2022-03-02T02:27
Suntec City,1111,2022-03-02T06:52
Suntec City,1101,2022-03-02T07:02
Suntec City,1101,2022-03-02T07:12
Suntec City,1655,2022-03-03T01:07
Suntec City,1655,2022-03-03T01:12
Suntec City,1667,2022-03-04T01:27
Suntec City,1613,2022-03-08T01:22
Suntec City,1531,2022-03-08T02:02
Suntec City,1776,2022-03-09T00:02
Suntec City,1752,2022-03-09T00:17
Suntec City,1732,2022-03-09T00:22
Suntec City,1576,2022-03-09T01:32
Suntec City,1686,2022-03-10T01:07
Suntec City,1686,2022-03-10T01:12
Suntec City,1636,2022-03-10T01:22
Suntec City,1568,2022-03-10T02:02
Suntec City,1286,2022-03-14T03:02
Suntec City,1514,2022-03-14T09:32
Suntec City,816,2022-03-15T06:52
Suntec City,837,2022-03-15T08:27
Suntec City,843,2022-03-15T08:32
Suntec City,1425,2022-03-15T09:37
Suntec City,1422,2022-03-15T09:47
Suntec City,1788,2022-03-15T23:52
Suntec City,1788,2022-03-15T23:57
Suntec City,1504,2022-03-16T01:52
Suntec City,1743,2022-03-17T00:22
Suntec City,1743,2022-03-17T00:27
Suntec City,1714,2022-03-17T00:32
Suntec City,1714,2022-03-17T00:37
Suntec City,1356,2022-03-18T02:32
Suntec City,1356,2022-03-18T02:42
Suntec City,1331,2022-03-21T03:17
Suntec City,1331,2022-03-21T03:22
Suntec City,1331,2022-03-21T03:27
Suntec City,1149,2022-03-21T08:17
Suntec City,1149,2022-03-21T08:22
Suntec City,1203,2022-03-21T09:07
Suntec City,1203,2022-03-21T09:12
Suntec City,1732,2022-03-23T00:22
Suntec City,1732,2022-03-23T00:27
Suntec City,1708,2022-03-23T00:32
Suntec City,1708,2022-03-23T00:37
Suntec City,1708,2022-03-23T00:42
Suntec City,1657,2022-03-23T01:02
Suntec City,1657,2022-03-23T01:07
Suntec City,1577,2022-03-23T01:42
Suntec City,1548,2022-03-23T01:47
Suntec City,1805,2022-03-27T23:37
Suntec City,1779,2022-03-27T23:57
Suntec City,1762,2022-03-28T00:02
Suntec City,1526,2022-03-28T01:57
Suntec City,1480,2022-03-28T02:07
Suntec City,1480,2022-03-28T02:12
Suntec City,1807,2022-03-28T23:27
Suntec City,1699,2022-03-29T00:27
Suntec City,1592,2022-03-29T01:12
Suntec City,1497,2022-03-29T01:32
Suntec City,1497,2022-03-29T01:37
Suntec City,1497,2022-03-29T01:47
Suntec City,1068,2022-03-29T08:32
Suntec City,1074,2022-03-29T09:02
Suntec City,1074,2022-03-29T09:07
Suntec City,1074,2022-03-29T09:12
Suntec City,1588,2022-03-29T09:17
Suntec City,1659,2022-03-30T00:42
Suntec City,1621,2022-03-30T00:57
Suntec City,1574,2022-03-30T01:02
Suntec City,1574,2022-03-30T01:07
Suntec City,1703,2022-03-31T00:47
Suntec City,1621,2022-04-05T01:27
Suntec City,1760,2022-04-05T23:52
Suntec City,1760,2022-04-05T23:57
Suntec City,1703,2022-04-06T00:27
Suntec City,1477,2022-04-06T01:42
Suntec City,1699,2022-04-08T00:47
Suntec City,1699,2022-04-08T00:52
Suntec City,1744,2022-04-11T00:17
Suntec City,1704,2022-04-11T00:22
Suntec City,1441,2022-04-13T02:02
Suntec City,1481,2022-04-14T01:37
Suntec City,1373,2022-04-14T02:12
Suntec City,892,2022-04-14T08:07
Suntec City,898,2022-04-14T08:17
Suntec City,901,2022-04-14T08:37
Suntec City,1419,2022-04-14T10:22
Suntec City,2607,2022-04-14T16:57
Suntec City,2671,2022-04-14T17:57
Suntec City,2675,2022-04-14T18:12
Suntec City,2751,2022-04-14T19:02
Suntec City,2751,2022-04-14T19:07
Suntec City,1368,2022-04-18T02:32
Suntec City,1364,2022-04-18T02:37
Suntec City,1112,2022-04-18T08:57
Suntec City,1573,2022-04-18T09:22
Suntec City,1587,2022-04-18T09:27
Suntec City,1587,2022-04-18T09:32
Suntec City,1616,2022-04-18T09:37
Suntec City,1616,2022-04-18T09:42
Suntec City,1616,2022-04-18T09:47
Suntec City,1616,2022-04-18T09:52
Suntec City,1616,2022-04-18T09:57
Suntec City,1375,2022-04-19T02:22
Suntec City,1337,2022-04-19T02:37
Suntec City,1194,2022-02-28T07:57
Suntec City,1170,2022-02-28T08:12
Suntec City,1189,2022-02-28T08:37
Suntec City,1189,2022-02-28T08:42
Suntec City,1189,2022-02-28T08:57
Suntec City,1793,2022-02-28T09:42
Suntec City,1806,2022-02-28T23:27
Suntec City,1784,2022-03-01T23:52
Suntec City,1485,2022-03-02T02:32
Suntec City,1485,2022-03-02T02:37
Suntec City,1485,2022-03-02T02:42
Suntec City,1111,2022-03-02T06:47
Suntec City,1111,2022-03-02T06:57
Suntec City,1101,2022-03-02T07:07
Suntec City,1101,2022-03-02T07:17
Suntec City,1655,2022-03-03T01:02
Suntec City,1640,2022-03-04T01:32
Suntec City,1686,2022-03-07T09:27
Suntec City,1709,2022-03-07T09:37
Suntec City,1747,2022-03-07T09:52
Suntec City,1613,2022-03-08T01:27
Suntec City,1569,2022-03-08T01:37
Suntec City,1704,2022-03-09T00:42
Suntec City,1576,2022-03-09T01:42
Suntec City,1715,2022-03-10T00:47
Suntec City,1715,2022-03-10T00:57
Suntec City,1715,2022-03-10T01:02
Suntec City,1686,2022-03-10T01:17
Suntec City,1636,2022-03-10T01:27
Suntec City,1604,2022-03-10T01:37
Suntec City,1604,2022-03-10T01:47
Suntec City,1568,2022-03-10T01:52
Suntec City,1193,2022-03-10T08:42
Suntec City,1201,2022-03-10T09:02
Suntec City,1698,2022-03-10T09:27
Suntec City,1768,2022-03-10T23:52
Suntec City,1286,2022-03-14T03:12
Suntec City,1364,2022-03-15T02:37
Suntec City,816,2022-03-15T06:47
Suntec City,843,2022-03-15T08:37
Suntec City,843,2022-03-15T08:42
Suntec City,856,2022-03-15T08:47
Suntec City,1776,2022-03-16T00:07
Suntec City,1469,2022-03-16T02:02
Suntec City,1416,2022-03-16T02:17
Suntec City,1533,2022-03-17T01:42
Suntec City,1761,2022-03-18T00:07
Suntec City,1761,2022-03-18T00:12
Suntec City,1301,2022-03-18T02:47
Suntec City,1301,2022-03-18T02:52
Suntec City,1810,2022-03-20T23:27
Suntec City,1379,2022-03-21T03:12
Suntec City,1130,2022-03-21T08:07
Suntec City,1130,2022-03-21T08:12
Suntec City,1162,2022-03-21T08:32
Suntec City,1583,2022-03-22T01:37
Suntec City,1545,2022-03-22T01:47
Suntec City,1680,2022-03-23T00:47
Suntec City,1619,2022-03-23T01:17
Suntec City,1814,2022-03-27T23:27
Suntec City,1805,2022-03-27T23:42
Suntec City,1805,2022-03-27T23:47
Suntec City,1762,2022-03-28T00:12
Suntec City,1739,2022-03-28T00:17
Suntec City,1739,2022-03-28T00:22
Suntec City,1443,2022-03-28T02:17
Suntec City,1699,2022-03-29T00:22
Suntec City,1631,2022-03-29T00:47
Suntec City,1631,2022-03-29T00:57
Suntec City,1548,2022-03-29T01:17
Suntec City,1068,2022-03-29T08:37
Suntec City,1064,2022-03-29T08:47
Suntec City,1621,2022-03-30T00:47
Suntec City,1756,2022-03-31T00:07
Suntec City,1756,2022-03-31T00:12
Suntec City,1703,2022-03-31T00:37
Suntec City,1677,2022-03-31T00:57
Suntec City,1598,2022-03-31T01:22
Suntec City,1310,2022-04-04T03:07
Suntec City,1770,2022-04-04T23:57
Suntec City,1432,2022-04-06T01:47
Suntec City,1432,2022-04-06T01:52
Suntec City,1432,2022-04-06T01:57
Suntec City,1396,2022-04-06T02:02
Suntec City,1699,2022-04-08T00:57
Suntec City,1404,2022-04-11T01:57
Suntec City,1353,2022-04-11T02:07
Suntec City,1422,2022-04-13T02:07
Suntec City,1489,2022-04-14T01:32
Suntec City,1352,2022-04-14T02:17
Suntec City,913,2022-04-14T07:42
Suntec City,907,2022-04-14T07:47
Suntec City,911,2022-04-14T08:02
Suntec City,888,2022-04-14T08:27
Suntec City,899,2022-04-14T08:32
Suntec City,904,2022-04-14T08:42
Suntec City,2549,2022-04-14T16:17
Suntec City,2554,2022-04-14T16:22
Suntec City,2627,2022-04-14T17:17
Suntec City,2638,2022-04-14T17:22
Suntec City,2656,2022-04-14T17:47
Suntec City,2665,2022-04-14T17:52
Suntec City,2750,2022-04-14T19:57
Suntec City,2751,2022-04-14T20:02
Suntec City,2751,2022-04-14T20:07
Suntec City,1346,2022-04-18T02:42
Suntec City,1095,2022-04-18T08:47
Suntec City,1103,2022-04-18T08:52
Suntec City,1355,2022-04-19T02:32
Suntec City,1788,2022-04-20T00:17
Suntec City,1796,2022-04-20T00:22
Suntec City,1175,2022-02-28T07:42
Suntec City,1194,2022-02-28T07:52
Suntec City,1194,2022-02-28T08:02
Suntec City,1170,2022-02-28T08:07
Suntec City,1189,2022-02-28T08:32
Suntec City,1784,2022-03-01T23:57
Suntec City,1784,2022-03-02T00:02
Suntec City,1763,2022-03-02T00:07
Suntec City,1458,2022-03-02T02:52
Suntec City,1458,2022-03-02T02:57
Suntec City,1117,2022-03-02T06:27
Suntec City,1111,2022-03-02T06:32
Suntec City,1111,2022-03-02T06:37
Suntec City,1111,2022-03-02T06:42
Suntec City,1113,2022-03-02T08:27
Suntec City,1150,2022-03-02T09:02
Suntec City,1707,2022-03-02T09:22
Suntec City,1620,2022-03-03T01:17
Suntec City,1640,2022-03-04T01:42
Suntec City,1420,2022-03-07T02:37
Suntec City,1094,2022-03-07T07:22
Suntec City,1087,2022-03-07T08:02
Suntec City,1709,2022-03-07T09:42
Suntec City,1709,2022-03-07T09:47
Suntec City,1747,2022-03-07T09:57
Suntec City,1569,2022-03-08T01:32
Suntec City,1569,2022-03-08T01:42
Suntec City,1531,2022-03-08T01:47
Suntec City,1531,2022-03-08T01:52
Suntec City,1489,2022-03-08T02:07
Suntec City,1489,2022-03-08T02:17
Suntec City,1776,2022-03-08T23:57
Suntec City,1752,2022-03-09T00:07
Suntec City,1576,2022-03-09T01:37
Suntec City,1576,2022-03-09T01:47
Suntec City,1568,2022-03-10T01:57
Suntec City,1164,2022-03-10T07:57
Suntec City,1172,2022-03-10T08:07
Suntec City,1215,2022-03-10T09:07
Suntec City,1698,2022-03-10T09:32
Suntec City,1768,2022-03-10T23:57
Suntec City,1753,2022-03-11T00:02
Suntec City,1753,2022-03-11T00:07
Suntec City,1753,2022-03-11T00:12
Suntec City,1615,2022-03-11T01:32
Suntec City,1558,2022-03-11T02:12
Suntec City,1246,2022-03-14T03:17
Suntec City,940,2022-03-14T08:32
Suntec City,999,2022-03-14T09:17
Suntec City,1514,2022-03-14T09:22
Suntec City,1512,2022-03-14T09:37
Suntec City,1512,2022-03-14T09:42
Suntec City,1364,2022-03-15T02:47
Suntec City,2621,2022-03-15T15:32
Suntec City,2621,2022-03-15T15:37
Suntec City,1776,2022-03-16T00:02
Suntec City,1796,2022-03-16T23:42
Suntec City,1785,2022-03-16T23:47
Suntec City,1485,2022-03-17T01:47
Suntec City,1485,2022-03-17T01:57
Suntec City,2728,2022-03-20T23:07
Suntec City,2728,2022-03-20T23:12
Suntec City,1797,2022-03-20T23:32
Suntec City,1300,2022-03-21T03:32
Suntec City,1203,2022-03-21T09:02
Suntec City,1443,2022-03-28T02:22
Suntec City,1079,2022-03-28T08:22
Suntec City,1631,2022-03-29T00:52
Suntec City,1592,2022-03-29T01:02
Suntec City,1455,2022-03-29T01:52
Suntec City,1433,2022-03-29T02:12
Suntec City,1020,2022-03-29T07:52
Suntec City,1033,2022-03-29T08:27
Suntec City,1588,2022-03-29T09:22
Suntec City,1621,2022-03-30T00:52
Suntec City,1756,2022-03-31T00:02
Suntec City,1703,2022-03-31T00:42
Suntec City,1650,2022-03-31T01:07
Suntec City,1598,2022-03-31T01:17
Suntec City,1310,2022-04-04T03:12
Suntec City,1263,2022-04-04T03:22
Suntec City,1621,2022-04-05T01:22
Suntec City,1580,2022-04-05T01:32
Suntec City,1580,2022-04-05T01:37
Suntec City,1580,2022-04-05T01:42
Suntec City,1526,2022-04-05T01:57
Suntec City,1462,2022-04-05T02:02
Suntec City,1462,2022-04-05T02:07
Suntec City,1636,2022-04-06T10:07
Suntec City,1699,2022-04-08T01:02
Suntec City,1664,2022-04-08T01:07
Suntec City,1664,2022-04-08T01:17
Suntec City,1615,2022-04-08T01:22
Suntec City,1615,2022-04-08T01:27
Suntec City,1573,2022-04-08T01:32
Suntec City,1413,2022-04-13T02:12
Suntec City,1404,2022-04-13T02:17
Suntec City,1392,2022-04-13T02:22
Suntec City,1477,2022-04-14T01:42
Suntec City,1453,2022-04-14T01:47
Suntec City,907,2022-04-14T07:37
Suntec City,901,2022-04-14T07:52
Suntec City,1428,2022-04-14T10:27
Suntec City,1429,2022-04-14T10:32
Suntec City,2516,2022-04-14T16:07
Suntec City,2641,2022-04-14T17:32
Suntec City,2656,2022-04-14T17:42
Suntec City,2751,2022-04-14T19:47
Suntec City,2751,2022-04-14T20:12
Suntec City,2751,2022-04-14T20:17
Suntec City,2750,2022-04-14T20:37
Suntec City,2750,2022-04-14T20:42
Suntec City,1090,2022-04-18T08:37
Suntec City,1555,2022-04-18T09:07
Suntec City,1814,2022-04-19T23:37
Suntec City,1796,2022-04-20T00:27
Suntec City,1396,2022-02-28T02:42
Suntec City,1176,2022-02-28T08:17
Suntec City,1793,2022-02-28T09:37
Suntec City,1458,2022-03-02T02:47
Suntec City,1113,2022-03-02T08:17
Suntec City,1113,2022-03-02T08:22
Suntec City,1150,2022-03-02T09:12
Suntec City,1150,2022-03-02T09:17
Suntec City,1707,2022-03-02T09:27
Suntec City,1715,2022-03-03T00:42
Suntec City,1620,2022-03-03T01:27
Suntec City,1584,2022-03-03T01:37
Suntec City,1716,2022-03-04T00:52
Suntec City,1809,2022-03-06T23:22
Suntec City,1458,2022-03-07T02:32
Suntec City,1420,2022-03-07T02:42
Suntec City,1111,2022-03-07T07:12
Suntec City,1094,2022-03-07T07:32
Suntec City,1772,2022-03-07T23:52
Suntec City,1732,2022-03-09T00:32
Suntec City,1537,2022-03-09T01:52
Suntec City,1516,2022-03-09T02:07
Suntec City,1636,2022-03-10T01:32
Suntec City,1155,2022-03-10T07:47
Suntec City,1164,2022-03-10T08:02
Suntec City,1201,2022-03-10T08:47
Suntec City,1201,2022-03-10T08:52
Suntec City,1201,2022-03-10T08:57
Suntec City,1215,2022-03-10T09:17
Suntec City,1698,2022-03-10T09:22
Suntec City,1677,2022-03-10T09:42
Suntec City,1615,2022-03-11T01:42
Suntec City,1558,2022-03-11T02:02
Suntec City,1799,2022-03-13T23:37
Suntec City,1286,2022-03-14T03:07
Suntec City,1246,2022-03-14T03:27
Suntec City,1217,2022-03-14T03:32
Suntec City,937,2022-03-14T08:07
Suntec City,999,2022-03-14T09:12
Suntec City,1514,2022-03-14T09:27
Suntec City,1542,2022-03-14T09:47
Suntec City,1542,2022-03-14T09:52
Suntec City,1542,2022-03-14T09:57
Suntec City,1558,2022-03-14T10:07
Suntec City,1364,2022-03-15T02:42
Suntec City,793,2022-03-15T06:32
Suntec City,793,2022-03-15T06:37
Suntec City,844,2022-03-15T07:27
Suntec City,1796,2022-03-16T23:37
Suntec City,1762,2022-03-17T00:07
Suntec City,1485,2022-03-17T02:02
Suntec City,1301,2022-03-18T02:57
Suntec City,1810,2022-03-20T23:17
Suntec City,1810,2022-03-20T23:22
Suntec City,1113,2022-03-21T07:52
Suntec City,1113,2022-03-21T07:57
Suntec City,1130,2022-03-21T08:02
Suntec City,1149,2022-03-21T08:27
Suntec City,1162,2022-03-21T08:37
Suntec City,1172,2022-03-21T08:47
Suntec City,1172,2022-03-21T08:52
Suntec City,1692,2022-03-21T09:17
Suntec City,1139,2022-03-22T07:37
Suntec City,1158,2022-03-22T08:22
Suntec City,1158,2022-03-22T08:27
Suntec City,1779,2022-03-27T23:52
Suntec City,1062,2022-03-28T08:12
Suntec City,1079,2022-03-28T08:17
Suntec City,1658,2022-03-29T00:32
Suntec City,1658,2022-03-29T00:37
Suntec City,1658,2022-03-29T00:42
Suntec City,1592,2022-03-29T01:07
Suntec City,1433,2022-03-29T02:07
Suntec City,1035,2022-03-29T08:07
Suntec City,1033,2022-03-29T08:22
Suntec City,1068,2022-03-29T08:42
Suntec City,1799,2022-03-30T23:37
Suntec City,1799,2022-03-30T23:47
Suntec City,1650,2022-03-31T01:12
Suntec City,1770,2022-04-04T23:52
Suntec City,1727,2022-04-05T00:22
Suntec City,1462,2022-04-05T02:12
Suntec City,1783,2022-04-06T23:57
Suntec City,1756,2022-04-08T00:17
Suntec City,1756,2022-04-08T00:22
Suntec City,1664,2022-04-08T01:12
Suntec City,1573,2022-04-08T01:37
Suntec City,1573,2022-04-08T01:42
Suntec City,1537,2022-04-08T01:47
Suntec City,1404,2022-04-11T02:02
Suntec City,1311,2022-04-11T02:22
Suntec City,1386,2022-04-13T02:27
Suntec City,1373,2022-04-13T02:32
Suntec City,1420,2022-04-14T01:52
Suntec City,1417,2022-04-14T01:57
Suntec City,1348,2022-04-14T02:22
Suntec City,905,2022-04-14T07:57
Suntec City,1411,2022-04-14T10:37
Suntec City,2495,2022-04-14T15:57
Suntec City,2530,2022-04-14T16:12
Suntec City,2641,2022-04-14T17:27
Suntec City,2656,2022-04-14T17:37
Suntec City,2751,2022-04-14T19:52
Suntec City,2751,2022-04-14T20:22
Suntec City,2749,2022-04-14T20:27
Suntec City,2749,2022-04-14T20:32
Suntec City,1100,2022-04-18T08:32
Suntec City,1545,2022-04-18T09:12
Suntec City,1554,2022-04-18T09:17
Suntec City,1821,2022-04-19T23:27
Suntec City,1806,2022-04-19T23:47
Suntec City,1797,2022-04-20T00:32
Suntec City,1797,2022-04-20T00:37
Suntec City,1175,2022-02-28T07:37
Suntec City,1800,2022-02-28T09:17
Suntec City,1800,2022-02-28T09:22
Suntec City,1800,2022-02-28T09:27
Suntec City,1800,2022-02-28T09:32
Suntec City,1139,2022-03-01T08:37
Suntec City,1139,2022-03-01T08:42
Suntec City,1156,2022-03-01T08:47
Suntec City,1156,2022-03-01T08:52
Suntec City,1156,2022-03-01T08:57
Suntec City,1183,2022-03-01T09:02
Suntec City,1183,2022-03-01T09:07
Suntec City,1765,2022-03-01T09:32
Suntec City,1774,2022-03-01T10:02
Suntec City,1763,2022-03-02T00:12
Suntec City,1746,2022-03-02T00:17
Suntec City,1150,2022-03-02T09:07
Suntec City,1739,2022-03-03T00:17
Suntec City,1739,2022-03-03T00:22
Suntec City,1620,2022-03-03T01:22
Suntec City,1584,2022-03-03T01:42
Suntec City,1801,2022-03-03T23:37
Suntec City,1801,2022-03-03T23:42
Suntec City,1736,2022-03-04T00:42
Suntec City,2734,2022-03-06T23:02
Suntec City,2731,2022-03-06T23:07
Suntec City,2731,2022-03-06T23:12
Suntec City,1420,2022-03-07T02:47
Suntec City,1094,2022-03-07T07:27
Suntec City,1772,2022-03-07T23:57
Suntec City,1772,2022-03-08T00:02
Suntec City,1489,2022-03-08T02:12
Suntec City,1135,2022-03-08T08:37
Suntec City,1537,2022-03-09T01:57
Suntec City,1537,2022-03-09T02:02
Suntec City,1465,2022-03-10T02:37
Suntec City,1164,2022-03-10T07:52
Suntec City,1188,2022-03-10T08:27
Suntec City,1193,2022-03-10T08:37
Suntec City,1215,2022-03-10T09:12
Suntec City,1677,2022-03-10T09:37
Suntec City,1753,2022-03-11T00:17
Suntec City,1615,2022-03-11T01:37
Suntec City,1558,2022-03-11T02:07
Suntec City,1558,2022-03-11T02:17
Suntec City,1781,2022-03-13T23:47
Suntec City,1246,2022-03-14T03:22
Suntec City,911,2022-03-14T07:37
Suntec City,937,2022-03-14T08:12
Suntec City,940,2022-03-14T08:37
Suntec City,1558,2022-03-14T10:02
Suntec City,1314,2022-03-15T02:52
Suntec City,793,2022-03-15T06:42
Suntec City,836,2022-03-15T07:02
Suntec City,836,2022-03-15T07:07
Suntec City,836,2022-03-15T07:12
Suntec City,1785,2022-03-16T23:52
Suntec City,1785,2022-03-16T23:57
Suntec City,1785,2022-03-17T00:02
Suntec City,1485,2022-03-17T01:52
Suntec City,1300,2022-03-21T03:37
Suntec City,1267,2022-03-21T03:57
Suntec City,1102,2022-03-21T07:32
Suntec City,1102,2022-03-21T07:42
Suntec City,1113,2022-03-21T07:47
Suntec City,1162,2022-03-21T08:42
Suntec City,1692,2022-03-21T09:22
Suntec City,1158,2022-03-22T08:02
Suntec City,1158,2022-03-22T08:07
Suntec City,1158,2022-03-22T08:12
Suntec City,1158,2022-03-22T08:17
Suntec City,1152,2022-03-22T08:32
Suntec City,1152,2022-03-22T08:42
Suntec City,1718,2022-03-22T10:02
Suntec City,1455,2022-03-29T01:57
Suntec City,1433,2022-03-29T02:02
Suntec City,1035,2022-03-29T08:12
Suntec City,1035,2022-03-29T08:17
Suntec City,1499,2022-03-30T01:42
Suntec City,1810,2022-03-30T23:32
Suntec City,1778,2022-03-30T23:52
Suntec City,1778,2022-03-30T23:57
Suntec City,1732,2022-03-31T00:17
Suntec City,1598,2022-03-31T01:27
Suntec City,1310,2022-04-04T03:17
Suntec City,1263,2022-04-04T03:27
Suntec City,1214,2022-04-04T03:42
Suntec City,1738,2022-04-05T00:02
Suntec City,1738,2022-04-05T00:07
Suntec City,1526,2022-04-05T01:52
Suntec City,1622,2022-04-06T09:57
Suntec City,1751,2022-04-07T00:02
Suntec City,1553,2022-04-07T01:42
Suntec City,1817,2022-04-07T23:22
Suntec City,1817,2022-04-07T23:27
Suntec City,1731,2022-04-08T00:37
Suntec City,1353,2022-04-11T02:17
Suntec City,1020,2022-04-11T07:07
Suntec City,1020,2022-04-11T07:12
Suntec City,1326,2022-04-14T02:27
Suntec City,2469,2022-04-14T15:42
Suntec City,2475,2022-04-14T15:47
Suntec City,2481,2022-04-14T15:52
Suntec City,2751,2022-04-14T19:22
Suntec City,2751,2022-04-14T19:27
Suntec City,2751,2022-04-14T19:37
Suntec City,1340,2022-04-18T02:47
Suntec City,1322,2022-04-18T02:52
Suntec City,1296,2022-04-18T03:02
Suntec City,1099,2022-04-18T08:27
Suntec City,1042,2022-04-19T08:32
Suntec City,1826,2022-04-19T23:12
Suntec City,1825,2022-04-19T23:17
Suntec City,1821,2022-04-19T23:22
Suntec City,1818,2022-04-19T23:32
Suntec City,1810,2022-04-19T23:42
Suntec City,1800,2022-04-19T23:52
Suntec City,1367,2022-02-28T02:47
Suntec City,1332,2022-02-28T03:02
Suntec City,1332,2022-02-28T03:07
Suntec City,1332,2022-02-28T03:12
Suntec City,1084,2022-02-28T06:17
Suntec City,1097,2022-02-28T06:22
Suntec City,1097,2022-02-28T06:27
Suntec City,1125,2022-02-28T06:37
Suntec City,1125,2022-02-28T06:42
Suntec City,1133,2022-02-28T07:02
Suntec City,1133,2022-02-28T07:07
Suntec City,1375,2022-03-01T02:32
Suntec City,1375,2022-03-01T02:42
Suntec City,1129,2022-03-01T08:07
Suntec City,1129,2022-03-01T08:12
Suntec City,1139,2022-03-01T08:32
Suntec City,1183,2022-03-01T09:12
Suntec City,1183,2022-03-01T09:17
Suntec City,1765,2022-03-01T09:27
Suntec City,1754,2022-03-01T09:37
Suntec City,1414,2022-03-02T03:02
Suntec City,1414,2022-03-02T03:07
Suntec City,1371,2022-03-02T03:17
Suntec City,1371,2022-03-02T03:22
Suntec City,1104,2022-03-02T08:02
Suntec City,1104,2022-03-02T08:07
Suntec City,1809,2022-03-02T23:27
Suntec City,1797,2022-03-02T23:32
Suntec City,1739,2022-03-03T00:27
Suntec City,1739,2022-03-03T00:32
Suntec City,1736,2022-03-04T00:47
Suntec City,1609,2022-03-04T01:47
Suntec City,1609,2022-03-04T01:52
Suntec City,2734,2022-03-06T22:57
Suntec City,2731,2022-03-06T23:17
Suntec City,1380,2022-03-07T02:57
Suntec City,1094,2022-03-07T07:17
Suntec City,1788,2022-03-07T10:02
Suntec City,1446,2022-03-08T02:22
Suntec City,1446,2022-03-08T02:32
Suntec City,1408,2022-03-08T02:42
Suntec City,1149,2022-03-08T07:02
Suntec City,1135,2022-03-08T08:47
Suntec City,1194,2022-03-09T08:22
Suntec City,1193,2022-03-09T08:42
Suntec City,1529,2022-03-10T02:07
Suntec City,1465,2022-03-10T02:42
Suntec City,1431,2022-03-10T02:47
Suntec City,1431,2022-03-10T02:52
Suntec City,1431,2022-03-10T02:57
Suntec City,1431,2022-03-10T03:02
Suntec City,1188,2022-03-10T08:22
Suntec City,1193,2022-03-10T08:32
Suntec City,1529,2022-03-11T02:22
Suntec City,1529,2022-03-11T02:27
Suntec City,1495,2022-03-11T09:17
Suntec City,1799,2022-03-13T23:32
Suntec City,1157,2022-03-14T03:47
Suntec City,898,2022-03-14T07:12
Suntec City,927,2022-03-14T08:17
Suntec City,927,2022-03-14T08:22
Suntec City,999,2022-03-14T09:07
Suntec City,1314,2022-03-15T02:57
Suntec City,844,2022-03-15T07:17
Suntec City,2712,2022-03-15T17:02
Suntec City,2712,2022-03-15T17:07
Suntec City,1797,2022-03-15T23:47
Suntec City,1776,2022-03-16T00:12
Suntec City,1416,2022-03-16T02:27
Suntec City,839,2022-03-16T08:22
Suntec City,879,2022-03-16T08:47
Suntec City,1438,2022-03-17T02:12
Suntec City,1746,2022-03-18T00:17
Suntec City,640,2022-03-18T09:02
Suntec City,1267,2022-03-21T03:47
Suntec City,1267,2022-03-21T03:52
Suntec City,1116,2022-03-21T07:17
Suntec City,1116,2022-03-21T07:22
Suntec City,1116,2022-03-21T07:27
Suntec City,1102,2022-03-21T07:37
Suntec City,1172,2022-03-21T08:57
Suntec City,1692,2022-03-21T09:27
Suntec City,1705,2022-03-21T09:37
Suntec City,1734,2022-03-21T09:52
Suntec City,1756,2022-03-21T10:02
Suntec City,2735,2022-03-21T22:57
Suntec City,2730,2022-03-21T23:07
Suntec City,2730,2022-03-21T23:12
Suntec City,1807,2022-03-21T23:22
Suntec City,1139,2022-03-22T07:42
Suntec City,1146,2022-03-22T07:47
Suntec City,1152,2022-03-22T08:37
Suntec City,1221,2022-03-22T09:02
Suntec City,1723,2022-03-22T09:57
Suntec City,1718,2022-03-22T10:07
Suntec City,1443,2022-03-28T02:27
Suntec City,1418,2022-03-28T02:42
Suntec City,1403,2022-03-28T03:02
Suntec City,1363,2022-03-28T03:07
Suntec City,1363,2022-03-28T03:12
Suntec City,1063,2022-03-28T07:27
Suntec City,1062,2022-03-28T08:07
Suntec City,1079,2022-03-28T08:27
Suntec City,1402,2022-03-29T02:17
Suntec City,1019,2022-03-29T07:42
Suntec City,1020,2022-03-29T07:57
Suntec City,1335,2022-03-30T02:32
Suntec City,1335,2022-03-30T02:37
Suntec City,1290,2022-03-30T02:47
Suntec City,1799,2022-03-30T23:42
Suntec City,1746,2022-04-01T00:27
Suntec City,1630,2022-04-01T01:27
Suntec City,1549,2022-04-01T01:52
Suntec City,1214,2022-04-04T03:37
Suntec City,1013,2022-04-04T06:22
Suntec City,1738,2022-04-05T00:12
Suntec City,1414,2022-04-05T02:17
Suntec City,1619,2022-04-06T09:42
Suntec City,1809,2022-04-06T23:37
Suntec City,1809,2022-04-06T23:42
Suntec City,1751,2022-04-07T00:07
Suntec City,1720,2022-04-07T00:22
Suntec City,1720,2022-04-07T00:27
Suntec City,1696,2022-04-07T00:32
Suntec City,1696,2022-04-07T00:37
Suntec City,1587,2022-04-07T01:27
Suntec City,1756,2022-04-08T00:27
Suntec City,1731,2022-04-08T00:32
Suntec City,1731,2022-04-08T00:42
Suntec City,1020,2022-04-11T07:02
Suntec City,1066,2022-04-11T07:52
Suntec City,1590,2022-04-11T09:17
Suntec City,1590,2022-04-11T09:22
Suntec City,1629,2022-04-11T09:47
Suntec City,1359,2022-04-13T02:37
Suntec City,1103,2022-04-13T08:57
Suntec City,1100,2022-04-13T09:02
Suntec City,1591,2022-04-13T09:07
Suntec City,1592,2022-04-13T09:17
Suntec City,1601,2022-04-13T09:22
Suntec City,1604,2022-04-13T09:27
Suntec City,1605,2022-04-13T09:37
Suntec City,1613,2022-04-13T09:42
Suntec City,2727,2022-04-13T22:57
Suntec City,2751,2022-04-14T19:17
Suntec City,2751,2022-04-14T19:32
Suntec City,2751,2022-04-14T19:42
Suntec City,2749,2022-04-14T20:52
Suntec City,1311,2022-04-18T02:57
Suntec City,1042,2022-04-19T08:27
Suntec City,1593,2022-04-19T09:22
Suntec City,1798,2022-04-20T00:02
Suntec City,1367,2022-02-28T02:52
Suntec City,1367,2022-02-28T02:57
Suntec City,1125,2022-02-28T06:32
Suntec City,1133,2022-02-28T07:12
Suntec City,1137,2022-02-28T07:17
Suntec City,1137,2022-02-28T07:22
Suntec City,1343,2022-03-01T02:47
Suntec City,1343,2022-03-01T02:52
Suntec City,1141,2022-03-01T07:47
Suntec City,1141,2022-03-01T07:52
Suntec City,1136,2022-03-01T08:17
Suntec City,1136,2022-03-01T08:22
Suntec City,1765,2022-03-01T09:22
Suntec City,1414,2022-03-02T03:12
Suntec City,1126,2022-03-02T07:57
Suntec City,1104,2022-03-02T08:12
Suntec City,1715,2022-03-03T00:37
Suntec City,1736,2022-03-04T00:32
Suntec City,1736,2022-03-04T00:37
Suntec City,1380,2022-03-07T03:02
Suntec City,1446,2022-03-08T02:27
Suntec City,1408,2022-03-08T02:37
Suntec City,1149,2022-03-08T06:57
Suntec City,1139,2022-03-08T07:12
Suntec City,1139,2022-03-08T07:17
Suntec City,1127,2022-03-08T08:12
Suntec City,1135,2022-03-08T08:42
Suntec City,1149,2022-03-08T08:52
Suntec City,1149,2022-03-08T08:57
Suntec City,1193,2022-03-09T08:37
Suntec City,1191,2022-03-09T08:47
Suntec City,1707,2022-03-09T09:17
Suntec City,1801,2022-03-09T23:37
Suntec City,1172,2022-03-10T08:12
Suntec City,1188,2022-03-10T08:17
Suntec City,1728,2022-03-11T00:22
Suntec City,1588,2022-03-11T01:47
Suntec City,1495,2022-03-11T09:27
Suntec City,1799,2022-03-13T23:42
Suntec City,1781,2022-03-13T23:52
Suntec City,927,2022-03-14T07:22
Suntec City,917,2022-03-14T07:57
Suntec City,976,2022-03-14T08:57
Suntec City,999,2022-03-14T09:02
Suntec City,1811,2022-03-14T23:22
Suntec City,1811,2022-03-14T23:27
Suntec City,1802,2022-03-14T23:32
Suntec City,1802,2022-03-14T23:42
Suntec City,844,2022-03-15T07:22
Suntec City,2681,2022-03-15T16:22
Suntec City,2681,2022-03-15T16:27
Suntec City,2691,2022-03-15T16:32
Suntec City,2691,2022-03-15T16:37
Suntec City,2691,2022-03-15T16:42
Suntec City,2699,2022-03-15T16:47
Suntec City,2699,2022-03-15T16:52
Suntec City,2699,2022-03-15T16:57
Suntec City,1797,2022-03-15T23:42
Suntec City,1416,2022-03-16T02:22
Suntec City,1360,2022-03-16T02:42
Suntec City,857,2022-03-16T08:37
Suntec City,1446,2022-03-16T09:22
Suntec City,1438,2022-03-17T02:07
Suntec City,1361,2022-03-17T02:37
Suntec City,1746,2022-03-18T00:22
Suntec City,623,2022-03-18T08:57
Suntec City,640,2022-03-18T09:07
Suntec City,1300,2022-03-21T03:42
Suntec City,1090,2022-03-21T06:02
Suntec City,1705,2022-03-21T09:42
Suntec City,1734,2022-03-21T09:57
Suntec City,2730,2022-03-21T23:02
Suntec City,1807,2022-03-21T23:17
Suntec City,1504,2022-03-22T02:07
Suntec City,1196,2022-03-22T08:47
Suntec City,1196,2022-03-22T08:52
Suntec City,1196,2022-03-22T08:57
Suntec City,1705,2022-03-22T09:22
Suntec City,1723,2022-03-22T09:52
Suntec City,1312,2022-03-28T03:17
Suntec City,1012,2022-03-28T06:42
Suntec City,1021,2022-03-28T06:52
Suntec City,1063,2022-03-28T07:22
Suntec City,1072,2022-03-28T07:47
Suntec City,1062,2022-03-28T08:02
Suntec City,1402,2022-03-29T02:22
Suntec City,932,2022-03-29T06:27
Suntec City,932,2022-03-29T06:32
Suntec City,945,2022-03-29T06:37
Suntec City,1019,2022-03-29T07:32
Suntec City,1020,2022-03-29T07:47
Suntec City,1020,2022-03-29T08:02
Suntec City,1462,2022-03-30T01:47
Suntec City,1423,2022-03-30T02:17
Suntec City,1380,2022-03-30T02:22
Suntec City,1380,2022-03-30T02:27
Suntec City,1335,2022-03-30T02:42
Suntec City,1290,2022-03-30T02:52
Suntec City,1732,2022-03-31T00:27
Suntec City,1722,2022-04-01T00:32
Suntec City,1722,2022-04-01T00:37
Suntec City,1722,2022-04-01T00:42
Suntec City,1700,2022-04-01T00:47
Suntec City,1592,2022-04-01T01:32
Suntec City,1592,2022-04-01T01:37
Suntec City,1505,2022-04-01T02:02
Suntec City,2722,2022-04-03T23:02
Suntec City,1796,2022-04-03T23:17
Suntec City,1796,2022-04-03T23:22
Suntec City,1214,2022-04-04T03:32
Suntec City,1176,2022-04-04T03:52
Suntec City,1124,2022-04-04T04:02
Suntec City,1013,2022-04-04T06:27
Suntec City,1727,2022-04-05T00:17
Suntec City,1526,2022-04-05T01:47
Suntec City,1622,2022-04-06T09:47
Suntec City,1622,2022-04-06T09:52
Suntec City,1622,2022-04-06T10:02
Suntec City,1815,2022-04-06T23:32
Suntec City,1751,2022-04-07T00:12
Suntec City,1696,2022-04-07T00:42
Suntec City,1503,2022-04-07T01:52
Suntec City,1812,2022-04-07T23:37
Suntec City,1812,2022-04-07T23:42
Suntec City,1537,2022-04-08T01:57
Suntec City,1353,2022-04-11T02:12
Suntec City,1311,2022-04-11T02:27
Suntec City,924,2022-04-11T05:57
Suntec City,949,2022-04-11T06:07
Suntec City,949,2022-04-11T06:12
Suntec City,949,2022-04-11T06:17
Suntec City,965,2022-04-11T06:22
Suntec City,1013,2022-04-11T06:47
Suntec City,1013,2022-04-11T06:52
Suntec City,1013,2022-04-11T06:57
Suntec City,1039,2022-04-11T07:17
Suntec City,1054,2022-04-11T07:42
Suntec City,1066,2022-04-11T07:47
Suntec City,1107,2022-04-11T08:47
Suntec City,1590,2022-04-11T09:27
Suntec City,1594,2022-04-11T09:42
Suntec City,1629,2022-04-11T09:57
Suntec City,1629,2022-04-11T10:02
Suntec City,1599,2022-04-13T09:32
Suntec City,2726,2022-04-13T23:02
Suntec City,1819,2022-04-13T23:07
Suntec City,1816,2022-04-13T23:12
Suntec City,1816,2022-04-13T23:17
Suntec City,1809,2022-04-13T23:22
Suntec City,1802,2022-04-13T23:27
Suntec City,1311,2022-04-14T02:32
Suntec City,1312,2022-04-14T02:37
Suntec City,1362,2022-04-14T10:52
Suntec City,2750,2022-04-14T20:47
Suntec City,2749,2022-04-14T20:57
Suntec City,2749,2022-04-14T21:02
Suntec City,2750,2022-04-14T21:07
Suntec City,2750,2022-04-14T21:12
Suntec City,2692,2022-04-15T17:47
Suntec City,2695,2022-04-15T17:52
Suntec City,2696,2022-04-15T17:57
Suntec City,2697,2022-04-15T18:02
Suntec City,2699,2022-04-15T18:07
Suntec City,1263,2022-04-18T03:17
Suntec City,1054,2022-04-18T07:57
Suntec City,1060,2022-04-18T08:02
Suntec City,1049,2022-04-18T08:07
Suntec City,1051,2022-04-18T08:12
Suntec City,1060,2022-04-18T08:17
Suntec City,1078,2022-04-18T08:22
Suntec City,1094,2022-04-18T08:42
Suntec City,1071,2022-04-19T08:42
Suntec City,1107,2022-04-19T08:57
Suntec City,1798,2022-04-19T23:57
Suntec City,1796,2022-04-20T00:07
Suntec City,1294,2022-02-28T03:22
Suntec City,1294,2022-02-28T03:27
Suntec City,1115,2022-02-28T06:57
Suntec City,1804,2022-02-28T09:47
Suntec City,1804,2022-02-28T09:57
Suntec City,1814,2022-02-28T10:02
Suntec City,1814,2022-02-28T10:07
Suntec City,1814,2022-02-28T10:12
Suntec City,1343,2022-03-01T02:57
Suntec City,1141,2022-03-01T07:57
Suntec City,1129,2022-03-01T08:02
Suntec City,1136,2022-03-01T08:27
Suntec City,1758,2022-03-01T09:47
Suntec City,1758,2022-03-01T09:52
Suntec City,1758,2022-03-01T09:57
Suntec City,2732,2022-03-01T22:52
Suntec City,2732,2022-03-01T22:57
Suntec City,2714,2022-03-02T23:12
Suntec City,1809,2022-03-02T23:17
Suntec City,1809,2022-03-02T23:22
Suntec City,1584,2022-03-03T01:32
Suntec City,1781,2022-03-03T23:47
Suntec City,1744,2022-03-04T00:27
Suntec City,1111,2022-03-07T07:07
Suntec City,1408,2022-03-08T02:47
Suntec City,1139,2022-03-08T07:07
Suntec City,1128,2022-03-08T07:57
Suntec City,1128,2022-03-08T08:02
Suntec City,1134,2022-03-08T08:32
Suntec City,1191,2022-03-09T08:52
Suntec City,1207,2022-03-09T09:12
Suntec City,1763,2022-03-10T00:07
Suntec City,1763,2022-03-10T00:12
Suntec City,1529,2022-03-10T02:12
Suntec City,1500,2022-03-10T02:22
Suntec City,1500,2022-03-10T02:27
Suntec City,1395,2022-03-10T03:07
Suntec City,1153,2022-03-10T07:27
Suntec City,1588,2022-03-11T01:52
Suntec City,1588,2022-03-11T01:57
Suntec City,978,2022-03-11T07:47
Suntec City,978,2022-03-11T07:52
Suntec City,1781,2022-03-13T23:57
Suntec City,1217,2022-03-14T03:37
Suntec City,1157,2022-03-14T03:52
Suntec City,898,2022-03-14T07:02
Suntec City,898,2022-03-14T07:07
Suntec City,927,2022-03-14T07:17
Suntec City,927,2022-03-14T07:27
Suntec City,927,2022-03-14T07:32
Suntec City,911,2022-03-14T07:42
Suntec City,917,2022-03-14T07:47
Suntec City,917,2022-03-14T07:52
Suntec City,927,2022-03-14T08:27
Suntec City,940,2022-03-14T08:42
Suntec City,1459,2022-03-15T10:07
Suntec City,2662,2022-03-15T16:12
Suntec City,2681,2022-03-15T16:17
Suntec City,2738,2022-03-15T22:47
Suntec City,2738,2022-03-15T22:52
Suntec City,2738,2022-03-15T22:57
Suntec City,2734,2022-03-15T23:02
Suntec City,2734,2022-03-15T23:07
Suntec City,1797,2022-03-15T23:37
Suntec City,1360,2022-03-16T02:32
Suntec City,857,2022-03-16T08:42
Suntec City,879,2022-03-16T08:52
Suntec City,879,2022-03-16T08:57
Suntec City,905,2022-03-16T09:07
Suntec City,905,2022-03-16T09:12
Suntec City,1446,2022-03-16T09:32
Suntec City,1388,2022-03-17T09:27
Suntec City,1388,2022-03-17T09:32
Suntec City,1746,2022-03-18T00:27
Suntec City,1096,2022-03-21T05:47
Suntec City,1123,2022-03-21T07:12
Suntec City,1734,2022-03-21T09:47
Suntec City,1756,2022-03-21T10:07
Suntec City,1504,2022-03-22T02:02
Suntec City,1504,2022-03-22T02:12
Suntec City,1458,2022-03-22T02:17
Suntec City,1423,2022-03-22T02:42
Suntec City,1407,2022-03-22T02:47
Suntec City,1139,2022-03-22T07:32
Suntec City,1146,2022-03-22T07:52
Suntec City,1146,2022-03-22T07:57
Suntec City,1221,2022-03-22T09:07
Suntec City,1221,2022-03-22T09:12
Suntec City,1705,2022-03-22T09:17
Suntec City,1705,2022-03-22T09:27
Suntec City,1483,2022-03-23T02:22
Suntec City,1102,2022-03-23T08:07
Suntec City,1092,2022-03-23T08:17
Suntec City,1092,2022-03-23T08:27
Suntec City,1687,2022-03-25T00:52
Suntec City,1418,2022-03-28T02:37
Suntec City,1418,2022-03-28T02:47
Suntec City,1312,2022-03-28T03:22
Suntec City,1312,2022-03-28T03:27
Suntec City,1012,2022-03-28T06:32
Suntec City,1012,2022-03-28T06:37
Suntec City,1021,2022-03-28T06:47
Suntec City,1063,2022-03-28T07:32
Suntec City,1072,2022-03-28T07:52
Suntec City,1072,2022-03-28T07:57
Suntec City,1132,2022-03-28T09:02
Suntec City,1131,2022-03-28T09:12
Suntec City,945,2022-03-29T06:42
Suntec City,1019,2022-03-29T07:37
Suntec City,1758,2022-03-29T23:47
Suntec City,1462,2022-03-30T01:52
Suntec City,1462,2022-03-30T01:57
Suntec City,1541,2022-03-31T01:37
Suntec City,1541,2022-03-31T01:42
Suntec City,1419,2022-03-31T02:27
Suntec City,1675,2022-04-01T01:02
Suntec City,1592,2022-04-01T01:42
Suntec City,1505,2022-04-01T02:07
Suntec City,2722,2022-04-03T23:12
Suntec City,1176,2022-04-04T03:57
Suntec City,1033,2022-04-04T06:37
Suntec City,1160,2022-04-04T09:02
Suntec City,1160,2022-04-04T09:07
Suntec City,1414,2022-04-05T02:22
Suntec City,1636,2022-04-06T10:12
Suntec City,1783,2022-04-06T23:52
Suntec City,1663,2022-04-07T00:47
Suntec City,1663,2022-04-07T00:52
Suntec City,1587,2022-04-07T01:32
Suntec City,1553,2022-04-07T01:37
Suntec City,1503,2022-04-07T01:47
Suntec City,1484,2022-04-08T02:02
Suntec City,924,2022-04-11T06:02
Suntec City,1001,2022-04-11T06:32
Suntec City,1001,2022-04-11T06:37
Suntec City,1001,2022-04-11T06:42
Suntec City,1039,2022-04-11T07:22
Suntec City,1039,2022-04-11T07:27
Suntec City,1054,2022-04-11T07:32
Suntec City,1066,2022-04-11T07:57
Suntec City,1594,2022-04-11T09:32
Suntec City,1594,2022-04-11T09:37
Suntec City,1629,2022-04-11T09:52
Suntec City,1093,2022-04-13T08:47
Suntec City,1379,2022-04-14T10:47
Suntec City,1329,2022-04-14T10:57
Suntec City,2750,2022-04-14T21:17
Suntec City,2750,2022-04-14T21:22
Suntec City,2750,2022-04-14T21:27
Suntec City,2749,2022-04-14T21:32
Suntec City,2749,2022-04-14T21:37
Suntec City,2750,2022-04-14T21:47
Suntec City,2688,2022-04-15T17:42
Suntec City,1282,2022-04-18T03:07
Suntec City,2730,2022-04-18T22:47
Suntec City,2730,2022-04-18T22:52
Suntec City,2729,2022-04-18T22:57
Suntec City,2726,2022-04-18T23:02
Suntec City,1818,2022-04-18T23:07
Suntec City,1817,2022-04-18T23:12
Suntec City,1066,2022-04-19T08:37
Suntec City,1074,2022-04-19T08:47
Suntec City,1095,2022-04-19T08:52
Suntec City,1652,2022-04-19T09:52
Suntec City,1294,2022-02-28T03:17
Suntec City,1224,2022-02-28T03:32
Suntec City,1224,2022-02-28T03:37
Suntec City,1115,2022-02-28T06:47
Suntec City,1115,2022-02-28T06:52
Suntec City,1098,2022-03-01T06:47
Suntec City,1098,2022-03-01T06:52
Suntec City,1754,2022-03-01T09:42
Suntec City,2725,2022-03-01T23:02
Suntec City,2725,2022-03-01T23:07
Suntec City,2725,2022-03-01T23:12
Suntec City,1820,2022-03-01T23:17
Suntec City,1119,2022-03-02T06:02
Suntec City,1119,2022-03-02T06:12
Suntec City,1102,2022-03-02T07:22
Suntec City,1797,2022-03-02T23:37
Suntec City,1542,2022-03-03T01:47
Suntec City,1542,2022-03-03T01:52
Suntec City,1514,2022-03-03T02:12
Suntec City,1164,2022-03-03T09:07
Suntec City,1563,2022-03-04T02:07
Suntec City,1563,2022-03-04T02:12
Suntec City,1380,2022-03-07T02:52
Suntec City,1351,2022-03-07T03:07
Suntec City,1102,2022-03-07T06:52
Suntec City,1377,2022-03-08T03:02
Suntec City,1139,2022-03-08T07:22
Suntec City,1127,2022-03-08T08:07
Suntec City,1127,2022-03-08T08:17
Suntec City,1134,2022-03-08T08:22
Suntec City,1516,2022-03-09T02:12
Suntec City,1450,2022-03-09T02:37
Suntec City,1194,2022-03-09T08:27
Suntec City,1193,2022-03-09T08:32
Suntec City,1191,2022-03-09T08:57
Suntec City,1207,2022-03-09T09:02
Suntec City,2729,2022-03-09T23:07
Suntec City,2729,2022-03-09T23:12
Suntec City,1801,2022-03-09T23:42
Suntec City,1790,2022-03-09T23:57
Suntec City,1790,2022-03-10T00:02
Suntec City,1739,2022-03-10T00:22
Suntec City,1500,2022-03-10T02:17
Suntec City,1153,2022-03-10T07:32
Suntec City,1482,2022-03-11T02:37
Suntec City,1482,2022-03-11T02:42
Suntec City,1482,2022-03-11T02:47
Suntec City,978,2022-03-11T07:57
Suntec City,956,2022-03-11T08:57
Suntec City,1495,2022-03-11T09:22
Suntec City,1157,2022-03-14T04:02
Suntec City,887,2022-03-14T06:47
Suntec City,887,2022-03-14T06:52
Suntec City,887,2022-03-14T06:57
Suntec City,976,2022-03-14T08:47
Suntec City,976,2022-03-14T08:52
Suntec City,1802,2022-03-14T23:37
Suntec City,1797,2022-03-14T23:47
Suntec City,1314,2022-03-15T03:02
Suntec City,1241,2022-03-15T03:12
Suntec City,1116,2022-03-15T03:37
Suntec City,1456,2022-03-15T10:22
Suntec City,2644,2022-03-15T15:52
Suntec City,2644,2022-03-15T15:57
Suntec City,2644,2022-03-15T16:02
Suntec City,2662,2022-03-15T16:07
Suntec City,2741,2022-03-15T22:17
Suntec City,2741,2022-03-15T22:22
Suntec City,2741,2022-03-15T22:27
Suntec City,2739,2022-03-15T22:32
Suntec City,2739,2022-03-15T22:37
Suntec City,2739,2022-03-15T22:42
Suntec City,2734,2022-03-15T23:12
Suntec City,1310,2022-03-16T02:52
Suntec City,1239,2022-03-16T03:12
Suntec City,905,2022-03-16T09:02
Suntec City,905,2022-03-16T09:17
Suntec City,1404,2022-03-17T02:17
Suntec City,1404,2022-03-17T02:22
Suntec City,1404,2022-03-17T02:27
Suntec City,1246,2022-03-18T03:07
Suntec City,623,2022-03-18T08:47
Suntec City,623,2022-03-18T08:52
Suntec City,640,2022-03-18T09:12
Suntec City,1203,2022-03-21T04:02
Suntec City,1075,2022-03-21T05:42
Suntec City,1096,2022-03-21T05:52
Suntec City,1096,2022-03-21T05:57
Suntec City,1090,2022-03-21T06:12
Suntec City,1090,2022-03-21T06:17
Suntec City,1116,2022-03-21T06:47
Suntec City,1116,2022-03-21T06:52
Suntec City,1705,2022-03-21T09:32
Suntec City,1423,2022-03-22T02:32
Suntec City,1407,2022-03-22T02:52
Suntec City,1407,2022-03-22T02:57
Suntec City,1713,2022-03-22T09:37
Suntec City,1713,2022-03-22T09:42
Suntec City,1548,2022-03-23T01:57
Suntec City,1505,2022-03-23T02:07
Suntec City,1505,2022-03-23T02:12
Suntec City,1094,2022-03-23T07:22
Suntec City,1098,2022-03-23T07:57
Suntec City,1102,2022-03-23T08:12
Suntec City,1092,2022-03-23T08:22
Suntec City,1583,2022-03-23T09:22
Suntec City,1646,2022-03-25T01:07
Suntec City,1646,2022-03-25T01:12
Suntec City,1610,2022-03-25T01:17
Suntec City,1418,2022-03-28T02:32
Suntec City,1403,2022-03-28T02:52
Suntec City,1040,2022-03-28T07:12
Suntec City,1063,2022-03-28T07:17
Suntec City,1111,2022-03-28T08:37
Suntec City,1132,2022-03-28T08:52
Suntec City,1132,2022-03-28T08:57
Suntec City,1131,2022-03-28T09:07
Suntec City,1402,2022-03-29T02:27
Suntec City,967,2022-03-29T06:47
Suntec City,1004,2022-03-29T07:27
Suntec City,1612,2022-03-29T10:07
Suntec City,1612,2022-03-29T10:12
Suntec City,1785,2022-03-29T23:42
Suntec City,1758,2022-03-29T23:52
Suntec City,1758,2022-03-29T23:57
Suntec City,1729,2022-03-30T00:02
Suntec City,1732,2022-03-31T00:22
Suntec City,1732,2022-03-31T00:32
Suntec City,1541,2022-03-31T01:32
Suntec City,1455,2022-03-31T02:17
Suntec City,1804,2022-03-31T23:32
Suntec City,1782,2022-03-31T23:57
Suntec City,1700,2022-04-01T00:52
Suntec City,1700,2022-04-01T00:57
Suntec City,1675,2022-04-01T01:12
Suntec City,1549,2022-04-01T01:47
Suntec City,1549,2022-04-01T01:57
Suntec City,1024,2022-04-01T08:32
Suntec City,2722,2022-04-03T23:07
Suntec City,1796,2022-04-03T23:27
Suntec City,1176,2022-04-04T03:47
Suntec City,996,2022-04-04T06:12
Suntec City,1033,2022-04-04T06:32
Suntec City,1033,2022-04-04T06:42
Suntec City,1033,2022-04-04T06:47
Suntec City,1611,2022-04-04T09:47
Suntec City,1646,2022-04-04T09:52
Suntec City,1646,2022-04-04T09:57
Suntec City,1646,2022-04-04T10:02
Suntec City,1101,2022-04-05T08:27
Suntec City,1150,2022-04-05T09:02
Suntec City,1396,2022-04-06T02:07
Suntec City,1696,2022-04-06T10:22
Suntec City,1815,2022-04-06T23:27
Suntec City,1809,2022-04-06T23:47
Suntec City,1627,2022-04-07T01:17
Suntec City,1812,2022-04-07T23:32
Suntec City,1788,2022-04-07T23:47
Suntec City,1788,2022-04-07T23:57
Suntec City,1537,2022-04-08T01:52
Suntec City,1075,2022-04-11T03:57
Suntec City,1075,2022-04-11T04:02
Suntec City,965,2022-04-11T06:27
Suntec City,1054,2022-04-11T07:37
Suntec City,1066,2022-04-11T08:02
Suntec City,1107,2022-04-11T08:52
Suntec City,1107,2022-04-11T08:57
Suntec City,1130,2022-04-11T09:02
Suntec City,1130,2022-04-11T09:07
Suntec City,1130,2022-04-11T09:12
Suntec City,1090,2022-04-13T08:42
Suntec City,1101,2022-04-13T08:52
Suntec City,1578,2022-04-13T09:12
Suntec City,1625,2022-04-13T09:47
Suntec City,1682,2022-04-13T10:07
Suntec City,1679,2022-04-13T10:12
Suntec City,1684,2022-04-13T10:17
Suntec City,1705,2022-04-13T10:22
Suntec City,1403,2022-04-14T10:42
Suntec City,1309,2022-04-14T11:02
Suntec City,2341,2022-04-14T15:02
Suntec City,2362,2022-04-14T15:07
Suntec City,2454,2022-04-14T15:32
Suntec City,2749,2022-04-14T21:42
Suntec City,2684,2022-04-15T17:37
Suntec City,1276,2022-04-18T03:12
Suntec City,1016,2022-04-18T06:37
Suntec City,1021,2022-04-18T07:17
Suntec City,1031,2022-04-18T07:32
Suntec City,1032,2022-04-18T07:37
Suntec City,1032,2022-04-18T07:42
Suntec City,1054,2022-04-18T07:52
Suntec City,1698,2022-04-18T10:07
Suntec City,1698,2022-04-18T10:12
Suntec City,1716,2022-04-18T10:17
Suntec City,1716,2022-04-18T10:22
Suntec City,1716,2022-04-18T10:27
Suntec City,1736,2022-04-18T10:32
Suntec City,1736,2022-04-18T10:37
Suntec City,1761,2022-04-18T10:42
Suntec City,1598,2022-04-19T09:27
Suntec City,1683,2022-04-19T10:12
Suntec City,1698,2022-04-19T10:17
Suntec City,1712,2022-04-19T10:22
Suntec City,2744,2022-02-27T22:42
Suntec City,2744,2022-02-27T22:47
Suntec City,2736,2022-02-27T22:52
Suntec City,2736,2022-02-27T22:57
Suntec City,2736,2022-02-27T23:02
Suntec City,1804,2022-02-28T09:52
Suntec City,1060,2022-03-01T06:17
Suntec City,1087,2022-03-01T06:37
Suntec City,1087,2022-03-01T06:42
Suntec City,1108,2022-03-01T07:12
Suntec City,1100,2022-03-01T07:17
Suntec City,1117,2022-03-02T06:17
Suntec City,1117,2022-03-02T06:22
Suntec City,1102,2022-03-02T07:27
Suntec City,1120,2022-03-02T07:42
Suntec City,1126,2022-03-02T07:47
Suntec City,1707,2022-03-02T09:32
Suntec City,1726,2022-03-02T09:42
Suntec City,1752,2022-03-02T09:47
Suntec City,1797,2022-03-02T23:42
Suntec City,1780,2022-03-02T23:47
Suntec City,1780,2022-03-02T23:52
Suntec City,1757,2022-03-03T00:02
Suntec City,1096,2022-03-03T06:52
Suntec City,1117,2022-03-03T07:42
Suntec City,1164,2022-03-03T09:02
Suntec City,1695,2022-03-03T09:17
Suntec City,1698,2022-03-03T09:47
Suntec City,1698,2022-03-03T09:52
Suntec City,1609,2022-03-04T01:57
Suntec City,1296,2022-03-07T03:37
Suntec City,1259,2022-03-07T03:47
Suntec City,1259,2022-03-07T03:52
Suntec City,1102,2022-03-07T06:57
Suntec City,1750,2022-03-08T00:07
Suntec City,1377,2022-03-08T02:57
Suntec City,1119,2022-03-08T06:37
Suntec City,1134,2022-03-08T08:27
Suntec City,1516,2022-03-09T02:17
Suntec City,1475,2022-03-09T02:27
Suntec City,1196,2022-03-09T07:47
Suntec City,1207,2022-03-09T09:07
Suntec City,1735,2022-03-09T09:37
Suntec City,1735,2022-03-09T09:47
Suntec City,2729,2022-03-09T23:17
Suntec City,1813,2022-03-09T23:22
Suntec City,1813,2022-03-09T23:27
Suntec City,1813,2022-03-09T23:32
Suntec City,1801,2022-03-09T23:47
Suntec City,1790,2022-03-09T23:52
Suntec City,1739,2022-03-10T00:17
Suntec City,1739,2022-03-10T00:27
Suntec City,1734,2022-03-10T00:32
Suntec City,1500,2022-03-10T02:32
Suntec City,1155,2022-03-10T07:37
Suntec City,1680,2022-03-10T10:07
Suntec City,1680,2022-03-10T10:12
Suntec City,1703,2022-03-10T10:17
Suntec City,1529,2022-03-11T02:32
Suntec City,964,2022-03-11T08:32
Suntec City,976,2022-03-11T09:07
Suntec City,1217,2022-03-14T03:42
Suntec City,870,2022-03-14T06:37
Suntec City,937,2022-03-14T08:02
Suntec City,1241,2022-03-15T03:07
Suntec City,1166,2022-03-15T03:17
Suntec City,1459,2022-03-15T10:12
Suntec City,1459,2022-03-15T10:17
Suntec City,1456,2022-03-15T10:27
Suntec City,2621,2022-03-15T15:42
Suntec City,2621,2022-03-15T15:47
Suntec City,2712,2022-03-15T17:12
Suntec City,2716,2022-03-15T17:17
Suntec City,2716,2022-03-15T17:22
Suntec City,2716,2022-03-15T17:27
Suntec City,2724,2022-03-15T17:32
Suntec City,2724,2022-03-15T17:37
Suntec City,2724,2022-03-15T17:42
Suntec City,2724,2022-03-15T17:47
Suntec City,2731,2022-03-15T17:52
Suntec City,2731,2022-03-15T17:57
Suntec City,2731,2022-03-15T18:02
Suntec City,2733,2022-03-15T18:07
Suntec City,2733,2022-03-15T18:12
Suntec City,2733,2022-03-15T18:17
Suntec City,2733,2022-03-15T18:22
Suntec City,2733,2022-03-15T18:27
Suntec City,2734,2022-03-15T18:32
Suntec City,2734,2022-03-15T18:37
Suntec City,1360,2022-03-16T02:37
Suntec City,1310,2022-03-16T02:47
Suntec City,1310,2022-03-16T02:57
Suntec City,1239,2022-03-16T03:02
Suntec City,1239,2022-03-16T03:07
Suntec City,832,2022-03-16T08:07
Suntec City,832,2022-03-16T08:12
Suntec City,839,2022-03-16T08:27
Suntec City,857,2022-03-16T08:32
Suntec City,1446,2022-03-16T09:27
Suntec City,1438,2022-03-16T09:37
Suntec City,1361,2022-03-17T02:32
Suntec City,1361,2022-03-17T02:42
Suntec City,1392,2022-03-17T09:42
Suntec City,1227,2022-03-18T09:22
Suntec City,1227,2022-03-18T09:27
Suntec City,1227,2022-03-18T09:32
Suntec City,1214,2022-03-18T09:37
Suntec City,1090,2022-03-21T06:07
Suntec City,1090,2022-03-21T06:27
Suntec City,1105,2022-03-21T06:37
Suntec City,1116,2022-03-21T06:57
Suntec City,1423,2022-03-22T02:37
Suntec City,1149,2022-03-22T07:22
Suntec City,1723,2022-03-22T09:47
Suntec City,1548,2022-03-23T01:52
Suntec City,1505,2022-03-23T02:02
Suntec City,1483,2022-03-23T02:17
Suntec City,1081,2022-03-23T07:12
Suntec City,1094,2022-03-23T07:17
Suntec City,1122,2022-03-23T09:02
Suntec City,1143,2022-03-23T09:07
Suntec City,1740,2022-03-25T00:22
Suntec City,1687,2022-03-25T00:57
Suntec City,1646,2022-03-25T01:02
Suntec City,1403,2022-03-28T02:57
Suntec City,1040,2022-03-28T07:07
Suntec City,1111,2022-03-28T08:32
Suntec City,1633,2022-03-28T09:22
Suntec City,1633,2022-03-28T09:42
Suntec City,1671,2022-03-28T09:52
Suntec City,1792,2022-03-28T23:32
Suntec City,1352,2022-03-29T02:37
Suntec City,1612,2022-03-29T10:02
Suntec City,1619,2022-03-29T10:17
Suntec City,1806,2022-03-29T23:22
Suntec City,1729,2022-03-30T00:07
Suntec City,1729,2022-03-30T00:12
Suntec City,1729,2022-03-30T00:17
Suntec City,1689,2022-03-30T00:27
Suntec City,1462,2022-03-30T02:02
Suntec City,1262,2022-03-30T03:02
Suntec City,1506,2022-03-31T01:47
Suntec City,1455,2022-03-31T02:07
Suntec City,1419,2022-03-31T02:22
Suntec City,1795,2022-03-31T23:37
Suntec City,1782,2022-03-31T23:47
Suntec City,1782,2022-03-31T23:52
Suntec City,1675,2022-04-01T01:17
Suntec City,1630,2022-04-01T01:22
Suntec City,1505,2022-04-01T02:12
Suntec City,1024,2022-04-01T08:37
Suntec City,1016,2022-04-01T08:47
Suntec City,1018,2022-04-01T09:07
Suntec City,996,2022-04-04T06:07
Suntec City,1068,2022-04-04T07:32
Suntec City,1068,2022-04-04T07:37
Suntec City,1141,2022-04-04T08:37
Suntec City,1141,2022-04-04T08:42
Suntec City,1155,2022-04-04T08:57
Suntec City,1160,2022-04-04T09:17
Suntec City,1414,2022-04-05T02:27
Suntec City,1414,2022-04-05T02:32
Suntec City,1089,2022-04-05T07:52
Suntec City,1101,2022-04-05T08:32
Suntec City,1150,2022-04-05T08:57
Suntec City,1195,2022-04-05T09:07
Suntec City,1195,2022-04-05T09:12
Suntec City,1195,2022-04-05T09:17
Suntec City,1652,2022-04-05T09:22
Suntec City,1668,2022-04-05T09:47
Suntec City,1396,2022-04-06T02:12
Suntec City,1359,2022-04-06T02:17
Suntec City,1595,2022-04-06T09:22
Suntec City,1619,2022-04-06T09:37
Suntec City,1696,2022-04-06T10:27
Suntec City,1627,2022-04-07T01:07
Suntec City,1627,2022-04-07T01:12
Suntec City,1587,2022-04-07T01:22
Suntec City,1788,2022-04-07T23:52
Suntec City,1280,2022-04-11T02:37
Suntec City,1105,2022-04-11T08:32
Suntec City,1083,2022-04-13T08:37
Suntec City,1658,2022-04-13T09:52
Suntec City,1673,2022-04-13T09:57
Suntec City,1705,2022-04-13T10:27
Suntec City,1291,2022-04-14T02:42
Suntec City,1963,2022-04-14T14:07
Suntec City,2219,2022-04-14T14:37
Suntec City,2295,2022-04-14T14:52
Suntec City,2329,2022-04-14T14:57
Suntec City,2417,2022-04-14T15:22
Suntec City,2427,2022-04-14T15:27
Suntec City,2465,2022-04-14T15:37
Suntec City,2750,2022-04-14T21:52
Suntec City,2750,2022-04-14T22:17
Suntec City,2378,2022-04-15T15:07
Suntec City,2413,2022-04-15T15:22
Suntec City,2631,2022-04-15T16:57
Suntec City,2631,2022-04-15T17:02
Suntec City,1256,2022-04-18T03:22
Suntec City,1029,2022-04-18T07:07
Suntec City,1025,2022-04-18T07:12
Suntec City,1025,2022-04-18T07:27
Suntec City,1042,2022-04-18T07:47
Suntec City,1015,2022-04-19T07:17
Suntec City,1038,2022-04-19T07:42
Suntec City,1015,2022-04-19T07:57
Suntec City,1027,2022-04-19T08:02
Suntec City,1032,2022-04-19T08:07
Suntec City,1593,2022-04-19T09:17
Suntec City,1636,2022-04-19T09:42
Suntec City,1647,2022-04-19T09:47
Suntec City,1685,2022-04-19T10:07
Suntec City,1084,2022-02-28T06:07
Suntec City,1854,2022-02-28T10:17
Suntec City,1854,2022-02-28T10:27
Suntec City,1044,2022-03-01T06:07
Suntec City,1119,2022-03-01T07:42
Suntec City,1119,2022-03-02T06:07
Suntec City,1102,2022-03-02T07:32
Suntec City,1126,2022-03-02T07:52
Suntec City,1752,2022-03-02T09:52
Suntec City,1816,2022-03-02T10:22
Suntec City,1837,2022-03-02T10:37
Suntec City,1780,2022-03-02T23:57
Suntec City,1757,2022-03-03T00:07
Suntec City,1542,2022-03-03T01:57
Suntec City,1096,2022-03-03T06:57
Suntec City,1121,2022-03-03T08:32
Suntec City,1164,2022-03-03T09:12
Suntec City,1691,2022-03-03T09:32
Suntec City,1691,2022-03-03T09:37
Suntec City,1691,2022-03-03T09:42
Suntec City,1563,2022-03-04T02:02
Suntec City,1524,2022-03-04T02:17
Suntec City,1524,2022-03-04T02:22
Suntec City,1524,2022-03-04T02:27
Suntec City,1524,2022-03-04T02:32
Suntec City,1483,2022-03-04T02:37
Suntec City,1096,2022-03-07T06:37
Suntec City,1102,2022-03-07T07:02
Suntec City,1750,2022-03-08T00:17
Suntec City,1128,2022-03-08T07:47
Suntec City,1149,2022-03-08T09:02
Suntec City,1171,2022-03-08T09:12
Suntec City,1475,2022-03-09T02:22
Suntec City,1475,2022-03-09T02:32
Suntec City,1161,2022-03-09T06:52
Suntec City,1173,2022-03-09T07:07
Suntec City,1194,2022-03-09T07:17
Suntec City,1183,2022-03-09T08:07
Suntec City,1707,2022-03-09T09:32
Suntec City,1735,2022-03-09T09:42
Suntec City,1155,2022-03-10T07:42
Suntec City,1671,2022-03-10T09:52
Suntec City,1671,2022-03-10T09:57
Suntec City,1671,2022-03-10T10:02
Suntec City,1703,2022-03-10T10:22
Suntec City,1731,2022-03-10T10:32
Suntec City,1435,2022-03-11T02:57
Suntec City,964,2022-03-11T08:22
Suntec City,973,2022-03-11T08:42
Suntec City,956,2022-03-11T08:52
Suntec City,956,2022-03-11T09:02
Suntec City,1452,2022-03-11T09:32
Suntec City,870,2022-03-14T06:42
Suntec City,1592,2022-03-14T10:22
Suntec City,1166,2022-03-15T03:27
Suntec City,1116,2022-03-15T03:42
Suntec City,1466,2022-03-15T10:32
Suntec City,839,2022-03-16T08:17
Suntec City,1438,2022-03-16T09:42
Suntec City,1392,2022-03-17T09:37
Suntec City,1400,2022-03-17T09:47
Suntec City,1390,2022-03-17T10:02
Suntec City,1246,2022-03-18T03:12
Suntec City,640,2022-03-18T09:17
Suntec City,1090,2022-03-21T06:22
Suntec City,1105,2022-03-21T06:32
Suntec City,1105,2022-03-21T06:42
Suntec City,1123,2022-03-21T07:02
Suntec City,1362,2022-03-22T03:07
Suntec City,1362,2022-03-22T03:12
Suntec City,1145,2022-03-22T06:32
Suntec City,1149,2022-03-22T07:17
Suntec City,1149,2022-03-22T07:27
Suntec City,1777,2022-03-22T23:52
Suntec City,1777,2022-03-22T23:57
Suntec City,1107,2022-03-23T06:57
Suntec City,1081,2022-03-23T07:02
Suntec City,1081,2022-03-23T07:07
Suntec City,1098,2022-03-23T08:02
Suntec City,1110,2022-03-23T08:32
Suntec City,1143,2022-03-23T09:12
Suntec City,1583,2022-03-23T09:17
Suntec City,1583,2022-03-23T09:27
Suntec City,1740,2022-03-25T00:27
Suntec City,1706,2022-03-25T00:32
Suntec City,1706,2022-03-25T00:37
Suntec City,1706,2022-03-25T00:42
Suntec City,1610,2022-03-25T01:22
Suntec City,1021,2022-03-28T06:57
Suntec City,1040,2022-03-28T07:02
Suntec City,1054,2022-03-28T07:37
Suntec City,1111,2022-03-28T08:42
Suntec City,1132,2022-03-28T08:47
Suntec City,1633,2022-03-28T09:17
Suntec City,1633,2022-03-28T09:27
Suntec City,1633,2022-03-28T09:37
Suntec City,1674,2022-03-28T10:02
Suntec City,1792,2022-03-28T23:42
Suntec City,1352,2022-03-29T02:32
Suntec City,1619,2022-03-29T10:27
Suntec City,2719,2022-03-29T23:12
Suntec City,1806,2022-03-29T23:17
Suntec City,1659,2022-03-30T00:37
Suntec City,1423,2022-03-30T02:07
Suntec City,1423,2022-03-30T02:12
Suntec City,1290,2022-03-30T02:57
Suntec City,1020,2022-03-30T08:42
Suntec City,1069,2022-03-30T09:12
Suntec City,1567,2022-03-30T09:27
Suntec City,1506,2022-03-31T01:57
Suntec City,1455,2022-03-31T02:12
Suntec City,1395,2022-03-31T02:32
Suntec City,962,2022-03-31T08:37
Suntec City,1675,2022-04-01T01:07
Suntec City,1482,2022-04-01T02:17
Suntec City,1482,2022-04-01T02:22
Suntec City,1024,2022-04-01T08:42
Suntec City,1016,2022-04-01T08:57
Suntec City,1018,2022-04-01T09:02
Suntec City,1018,2022-04-01T09:12
Suntec City,2662,2022-04-03T15:17
Suntec City,996,2022-04-04T06:17
Suntec City,1046,2022-04-04T07:12
Suntec City,1059,2022-04-04T07:17
Suntec City,1059,2022-04-04T07:27
Suntec City,1155,2022-04-04T08:47
Suntec City,1155,2022-04-04T08:52
Suntec City,1586,2022-04-04T09:27
Suntec City,1611,2022-04-04T09:42
Suntec City,1656,2022-04-04T10:07
Suntec City,1365,2022-04-05T02:37
Suntec City,1365,2022-04-05T02:42
Suntec City,1365,2022-04-05T02:47
Suntec City,1330,2022-04-05T02:52
Suntec City,1073,2022-04-05T06:52
Suntec City,1078,2022-04-05T07:37
Suntec City,1127,2022-04-05T08:37
Suntec City,1127,2022-04-05T08:42
Suntec City,1150,2022-04-05T08:47
Suntec City,1150,2022-04-05T08:52
Suntec City,2724,2022-04-05T23:12
Suntec City,2724,2022-04-05T23:17
Suntec City,1359,2022-04-06T02:22
Suntec City,1359,2022-04-06T02:27
Suntec City,1619,2022-04-06T09:32
Suntec City,1636,2022-04-06T10:17
Suntec City,1737,2022-04-06T10:37
Suntec City,1627,2022-04-07T01:02
Suntec City,1772,2022-04-08T00:07
Suntec City,1484,2022-04-08T02:07
Suntec City,1484,2022-04-08T02:12
Suntec City,1280,2022-04-11T02:32
Suntec City,1280,2022-04-11T02:42
Suntec City,1129,2022-04-11T03:37
Suntec City,991,2022-04-11T04:07
Suntec City,991,2022-04-11T04:12
Suntec City,1072,2022-04-11T08:07
Suntec City,1072,2022-04-11T08:12
Suntec City,1072,2022-04-11T08:17
Suntec City,1105,2022-04-11T08:37
Suntec City,1105,2022-04-11T08:42
Suntec City,1064,2022-04-13T07:47
Suntec City,1054,2022-04-13T08:22
Suntec City,1080,2022-04-13T08:32
Suntec City,1669,2022-04-13T10:02
Suntec City,1720,2022-04-13T10:32
Suntec City,1280,2022-04-14T02:47
Suntec City,1265,2022-04-14T02:52
Suntec City,1208,2022-04-14T03:07
Suntec City,1261,2022-04-14T11:07
Suntec City,1939,2022-04-14T14:02
Suntec City,2263,2022-04-14T14:47
Suntec City,2750,2022-04-14T21:57
Suntec City,2749,2022-04-14T22:02
Suntec City,2749,2022-04-14T22:07
Suntec City,2749,2022-04-14T22:12
Suntec City,2749,2022-04-14T23:22
Suntec City,2747,2022-04-14T23:27
Suntec City,2747,2022-04-14T23:32
Suntec City,2740,2022-04-14T23:47
Suntec City,2399,2022-04-15T15:17
Suntec City,2424,2022-04-15T15:27
Suntec City,2444,2022-04-15T15:32
Suntec City,2625,2022-04-15T16:52
Suntec City,2647,2022-04-15T17:17
Suntec City,2658,2022-04-15T17:27
Suntec City,2670,2022-04-15T17:32
Suntec City,2717,2022-04-15T18:27
Suntec City,2720,2022-04-15T18:32
Suntec City,2724,2022-04-15T18:37
Suntec City,2633,2022-04-16T17:27
Suntec City,2443,2022-04-17T14:02
Suntec City,2479,2022-04-17T14:07
Suntec City,2486,2022-04-17T14:12
Suntec City,1238,2022-04-18T03:27
Suntec City,1017,2022-04-18T06:42
Suntec City,1016,2022-04-18T06:52
Suntec City,1021,2022-04-18T07:22
Suntec City,1007,2022-04-19T07:12
Suntec City,1018,2022-04-19T07:32
Suntec City,1024,2022-04-19T07:37
Suntec City,1024,2022-04-19T07:52
Suntec City,1036,2022-04-19T08:22
Suntec City,1614,2022-04-19T09:32
Suntec City,1661,2022-04-19T09:57
Suntec City,1678,2022-04-19T10:02
Suntec City,1224,2022-02-28T03:42
Suntec City,1186,2022-02-28T03:52
Suntec City,1064,2022-02-28T05:52
Suntec City,1064,2022-02-28T05:57
Suntec City,1064,2022-02-28T06:02
Suntec City,1084,2022-02-28T06:12
Suntec City,1854,2022-02-28T10:22
Suntec City,1044,2022-03-01T06:12
Suntec City,1108,2022-03-01T07:07
Suntec City,1100,2022-03-01T07:27
Suntec City,1100,2022-03-01T07:32
Suntec City,1100,2022-03-02T05:57
Suntec City,1726,2022-03-02T09:37
Suntec City,1752,2022-03-02T09:57
Suntec City,1780,2022-03-02T10:12
Suntec City,1837,2022-03-02T10:42
Suntec City,1514,2022-03-03T02:02
Suntec City,1514,2022-03-03T02:07
Suntec City,1455,2022-03-03T02:47
Suntec City,1096,2022-03-03T06:47
Suntec City,1131,2022-03-03T08:42
Suntec City,1132,2022-03-03T08:52
Suntec City,1132,2022-03-03T08:57
Suntec City,1781,2022-03-03T23:52
Suntec City,1781,2022-03-03T23:57
Suntec City,1483,2022-03-04T02:47
Suntec City,1321,2022-03-07T03:22
Suntec City,1321,2022-03-07T03:27
Suntec City,1296,2022-03-07T03:42
Suntec City,1105,2022-03-07T06:02
Suntec City,1103,2022-03-07T06:07
Suntec City,1103,2022-03-07T06:17
Suntec City,1106,2022-03-07T06:22
Suntec City,1106,2022-03-07T06:27
Suntec City,1096,2022-03-07T06:42
Suntec City,1096,2022-03-07T06:47
Suntec City,1818,2022-03-07T10:22
Suntec City,1818,2022-03-07T10:32
Suntec City,1750,2022-03-08T00:12
Suntec City,1377,2022-03-08T02:52
Suntec City,1123,2022-03-08T06:17
Suntec City,1119,2022-03-08T06:42
Suntec City,1119,2022-03-08T06:47
Suntec City,1149,2022-03-08T06:52
Suntec City,1171,2022-03-08T09:07
Suntec City,1706,2022-03-08T09:57
Suntec City,1706,2022-03-08T10:02
Suntec City,1450,2022-03-09T02:42
Suntec City,1196,2022-03-09T07:42
Suntec City,1182,2022-03-09T07:52
Suntec City,1182,2022-03-09T08:02
Suntec City,1183,2022-03-09T08:12
Suntec City,1707,2022-03-09T09:22
Suntec City,1707,2022-03-09T09:27
Suntec City,1089,2022-03-10T06:37
Suntec City,1142,2022-03-10T07:17
Suntec City,1153,2022-03-10T07:22
Suntec City,1677,2022-03-10T09:47
Suntec City,998,2022-03-11T07:42
Suntec City,973,2022-03-11T08:47
Suntec City,976,2022-03-11T09:12
Suntec City,1157,2022-03-14T03:57
Suntec City,1592,2022-03-14T10:17
Suntec City,1166,2022-03-15T03:22
Suntec City,1116,2022-03-15T03:32
Suntec City,781,2022-03-15T06:27
Suntec City,2555,2022-03-15T14:47
Suntec City,2555,2022-03-15T14:52
Suntec City,2555,2022-03-15T14:57
Suntec City,2579,2022-03-15T15:02
Suntec City,2736,2022-03-15T19:02
Suntec City,2736,2022-03-15T19:07
Suntec City,2736,2022-03-15T19:12
Suntec City,2746,2022-03-15T21:47
Suntec City,2745,2022-03-15T21:52
Suntec City,2745,2022-03-15T21:57
Suntec City,2745,2022-03-15T22:02
Suntec City,2744,2022-03-15T22:07
Suntec City,2744,2022-03-15T22:12
Suntec City,1239,2022-03-16T03:17
Suntec City,833,2022-03-16T07:57
Suntec City,1457,2022-03-16T09:47
Suntec City,1304,2022-03-17T02:47
Suntec City,770,2022-03-17T07:47
Suntec City,770,2022-03-17T07:57
Suntec City,1400,2022-03-17T09:52
Suntec City,1791,2022-03-17T23:32
Suntec City,1791,2022-03-17T23:37
Suntec City,1791,2022-03-17T23:42
Suntec City,527,2022-03-18T07:37
Suntec City,563,2022-03-18T08:22
Suntec City,563,2022-03-18T08:27
Suntec City,590,2022-03-18T08:32
Suntec City,590,2022-03-18T08:37
Suntec City,1203,2022-03-21T04:17
Suntec City,1123,2022-03-21T07:07
Suntec City,1319,2022-03-22T03:17
Suntec City,1319,2022-03-22T03:22
Suntec City,1149,2022-03-22T07:07
Suntec City,1149,2022-03-22T07:12
Suntec City,1753,2022-03-23T00:02
Suntec City,1391,2022-03-23T02:52
Suntec City,1093,2022-03-23T06:27
Suntec City,1110,2022-03-23T08:42
Suntec City,1122,2022-03-23T08:52
Suntec City,1122,2022-03-23T08:57
Suntec City,1596,2022-03-23T09:37
Suntec City,1687,2022-03-25T00:47
Suntec City,2744,2022-03-27T22:52
Suntec City,2744,2022-03-27T22:57
Suntec City,2738,2022-03-27T23:07
Suntec City,2738,2022-03-27T23:12
Suntec City,1814,2022-03-27T23:22
Suntec City,1268,2022-03-28T03:37
Suntec City,1054,2022-03-28T07:42
Suntec City,1633,2022-03-28T09:32
Suntec City,1671,2022-03-28T09:57
Suntec City,1792,2022-03-28T23:37
Suntec City,1764,2022-03-28T23:47
Suntec City,1764,2022-03-28T23:57
Suntec City,1764,2022-03-29T00:02
Suntec City,1352,2022-03-29T02:42
Suntec City,1323,2022-03-29T02:47
Suntec City,1004,2022-03-29T07:17
Suntec City,1004,2022-03-29T07:22
Suntec City,1806,2022-03-29T23:27
Suntec City,1689,2022-03-30T00:22
Suntec City,1689,2022-03-30T00:32
Suntec City,1262,2022-03-30T03:07
Suntec City,1020,2022-03-30T08:37
Suntec City,1069,2022-03-30T09:07
Suntec City,1627,2022-03-30T09:47
Suntec City,1506,2022-03-31T01:52
Suntec City,1506,2022-03-31T02:02
Suntec City,1395,2022-03-31T02:42
Suntec City,1535,2022-03-31T09:27
Suntec City,1587,2022-03-31T09:32
Suntec City,1587,2022-03-31T09:37
Suntec City,1804,2022-03-31T23:27
Suntec City,1795,2022-03-31T23:42
Suntec City,1016,2022-04-01T08:52
Suntec City,1518,2022-04-01T09:32
Suntec City,1124,2022-04-04T04:07
Suntec City,1046,2022-04-04T07:07
Suntec City,1059,2022-04-04T07:22
Suntec City,1068,2022-04-04T07:47
Suntec City,1586,2022-04-04T09:22
Suntec City,1586,2022-04-04T09:32
Suntec City,1073,2022-04-05T06:47
Suntec City,1072,2022-04-05T07:02
Suntec City,1074,2022-04-05T07:22
Suntec City,1074,2022-04-05T07:27
Suntec City,1078,2022-04-05T07:32
Suntec City,1078,2022-04-05T07:42
Suntec City,1089,2022-04-05T07:47
Suntec City,1810,2022-04-05T23:27
Suntec City,1075,2022-04-06T08:22
Suntec City,1100,2022-04-06T08:57
Suntec City,1132,2022-04-06T09:02
Suntec City,1595,2022-04-06T09:27
Suntec City,1663,2022-04-07T00:57
Suntec City,1459,2022-04-07T02:02
Suntec City,1772,2022-04-08T00:12
Suntec City,1129,2022-04-11T03:42
Suntec City,991,2022-04-11T04:17
Suntec City,1707,2022-04-11T10:17
Suntec City,1707,2022-04-11T10:22
Suntec City,1769,2022-04-11T10:27
Suntec City,1349,2022-04-13T02:42
Suntec City,1044,2022-04-13T07:12
Suntec City,1043,2022-04-13T08:07
Suntec City,1075,2022-04-13T08:27
Suntec City,1240,2022-04-14T02:57
Suntec City,1235,2022-04-14T03:02
Suntec City,2088,2022-04-14T14:17
Suntec City,2391,2022-04-14T15:17
Suntec City,2750,2022-04-14T22:27
Suntec City,2751,2022-04-14T22:37
Suntec City,2744,2022-04-14T23:37
Suntec City,2742,2022-04-14T23:42
Suntec City,2736,2022-04-14T23:52
Suntec City,2386,2022-04-15T15:12
Suntec City,2506,2022-04-15T15:52
Suntec City,2511,2022-04-15T15:57
Suntec City,2618,2022-04-15T16:47
Suntec City,2636,2022-04-15T17:12
Suntec City,2652,2022-04-15T17:22
Suntec City,2701,2022-04-15T18:12
Suntec City,2700,2022-04-15T18:17
Suntec City,2702,2022-04-15T18:22
Suntec City,2724,2022-04-15T18:42
Suntec City,2725,2022-04-15T18:47
Suntec City,2725,2022-04-15T18:52
Suntec City,2725,2022-04-15T18:57
Suntec City,2725,2022-04-15T19:02
Suntec City,2727,2022-04-15T19:07
Suntec City,2495,2022-04-16T15:52
Suntec City,2629,2022-04-16T17:22
Suntec City,2398,2022-04-17T13:57
Suntec City,2584,2022-04-17T14:42
Suntec City,2742,2022-04-17T22:27
Suntec City,2739,2022-04-17T22:32
Suntec City,2739,2022-04-17T22:37
Suntec City,1011,2022-04-18T06:32
Suntec City,1012,2022-04-18T06:47
Suntec City,1017,2022-04-18T06:57
Suntec City,1027,2022-04-18T07:02
Suntec City,1010,2022-04-19T07:07
Suntec City,1589,2022-04-19T09:07
Suntec City,1591,2022-04-19T09:12
Suntec City,1611,2022-04-19T09:37
Suntec City,1186,2022-02-28T03:47
Suntec City,1020,2022-02-28T05:42
Suntec City,1020,2022-02-28T05:47
Suntec City,1060,2022-03-01T06:27
Suntec City,1087,2022-03-01T06:32
